<?xml version="1.0" encoding="UTF-8" standalone="yes"?>
<addon id="repository.thegangster" name="Ardave TV" version="1.0.1" provider-name="omoba">
    <extension point="xbmc.addon.repository" name="Ardave TV">
        <dir>
            <info compressed="false">https://raw.githubusercontent.com/omoobatv/repository.thegangster/master/zips/addons.xml</info>
            <checksum>https://raw.githubusercontent.com/omoobatv/repository.thegangster/master/zips/addons.xml.md5</checksum>
            <datadir zip="true">https://raw.githubusercontent.com/omoobatv/repository.thegangster/master/zips/</datadir>
        </dir>
        <dir>
	          <info compressed="false">https://raw.githubusercontent.com/Gujal00/smrzips/master/addons.xml</info>
	          <checksum>https://raw.githubusercontent.com/Gujal00/smrzips/master/addons.xml.md5</checksum>
	          <datadir zip="true">https://raw.githubusercontent.com/Gujal00/smrzips/master/zips/</datadir>
        </dir>
    </extension>
    <extension point="xbmc.addon.metadata">
        <summary>Ardave TV</summary>
        <description>Anything Kodi</description>
        <disclaimer></disclaimer>
        <platform>all</platform>
        <assets>
            <icon>icon.png</icon>
            <fanart>fanart.jpg</fanart>
        </assets>
    </extension>
</addon>
